"Cluster","avg_recency","avg_frequency","avg_monetary","count"
"3",7.65630341880342,82.5384615384615,127187.959230769,13
"2",16.0090942317916,22.133971291866,12491.4429665072,209
"4",44.4639038916167,3.66186579378069,1347.81552962357,3055
"1",249.166141742591,1.55136663524976,476.416023562677,1061
